,disoccupazione_eurozona,disoccupazione_italia,inflazione eurozona,inflazione italia,m3_eurozona,pil eurozona,pil_italia,tasso_bce
disoccupazione_eurozona,,1.3522222392385203e-06,0.5553054282169716,0.20348155074732777,0.005026275687457616,2.6671881396585503e-09,1.717088744358653e-08,0.21787895918846767
disoccupazione_italia,2.5431324569532624e-08,,0.5178629630358038,0.6665098012669965,0.05018342243770744,7.71710470807549e-08,1.8508378125350255e-07,0.09107747675565733
inflazione eurozona,0.25376026603328156,0.22300885739102966,,4.90544626159825e-15,0.11111849393244551,0.09336983550861701,0.008132659596703826,0.06996979349041677
inflazione italia,0.26574915668874627,0.33376690119122154,3.551892467825936e-09,,0.2050862686605376,0.007364201224709519,0.0002614222553730394,1.1324008566469231e-09
m3_eurozona,0.05547207546543485,0.06541908546101916,0.0032260461383248795,0.0023027534285602847,,0.599103252522768,0.5695050581547254,0.009262597576963764
pil eurozona,0.0008820868392392944,0.00010951691080443994,0.40953289190620057,0.9604443150182381,0.000501320651547042,,3.329297920888128e-18,0.7756846804348155
pil_italia,0.0010523433287982517,4.2348666421316035e-05,0.3626878937379687,0.8657658074412952,0.0007476355534880561,3.234337034095978e-17,,0.9259182300819566
tasso_bce,0.15116363575370828,0.5958196343385598,0.00014178985307321409,0.0009843026084621264,0.12060488964105855,0.5707432907504012,0.2555672735431307,
